Aircraft,Track,Runway,Arrival/Departure,Number of Daily Day-time Operations,Number of Daily Night-time Operations,Total Number of Daily Operations
Airbus A300F4-600,DJ29,13L,Departure,0.019100986,0.002051822,0.021152808
Airbus A300F4-600,DP15,13L,Departure,0.066658542,0.007160441,0.073818984
Airbus A300F4-600,A8,13R,Approach,0.550440042,0.176413809,0.726853851
Airbus A300F4-600,A6,17C,Approach,1.092361369,0.350097404,1.442458773
Airbus A300F4-600,DJ22,17C,Departure,0.08653916,0.009296012,0.095835172
Airbus A300F4-600,DJ26,17C,Departure,0.08653916,0.009296012,0.095835172
Airbus A300F4-600,DJ27,17C,Departure,0.08653916,0.009296012,0.095835172
Airbus A300F4-600,DJ98,17C,Departure,0.064709462,0.006951072,0.071660534
Airbus A300F4-600,A5,17L,Approach,0.338455097,0.108473491,0.446928588
Airbus A300F4-600,DJ24,17L,Departure,0.143842117,0.015451479,0.159293596
Airbus A300F4-600,DJ18,17R,Departure,0.231940541,0.024914986,0.256855527
Airbus A300F4-600,DJ21,17R,Departure,0.231940541,0.024914986,0.256855527
Airbus A300F4-600,DJ23,17R,Departure,0.231940541,2.49E-02,0.256855527
Airbus A300F4-600,DJ25,17R,Departure,0.231940541,0.024914986,0.256855527
Airbus A300F4-600,DJ28,17R,Departure,0.231940541,0.024914986,0.256855527
Airbus A300F4-600,DJ14,18L,Departure,0.217907164,0.023407525,0.241314689
Airbus A300F4-600,DJ17,18L,Departure,0.217907164,0.023407525,0.241314689
Airbus A300F4-600,DJ20,18L,Departure,0.217907164,0.023407525,0.241314689
Airbus A300F4-600,DJ30,18L,Departure,0.217907164,0.023407525,0.241314689
Airbus A300F4-600,DJ31,18L,Departure,0.217907164,0.023407525,0.241314689
Airbus A300F4-600,A7,18R,Approach,0.770616058,0.246979333,1.017595391
Airbus A300F4-600,DJ16,18R,Departure,0.066658542,0.007160441,0.073818984
Airbus A300F4-600,DJ19,18R,Departure,0.066658542,0.007160441,0.073818984
Airbus A300F4-600,A4,31R,Approach,0.121555509,0.038958049,0.160513559
Airbus A300F4-600,DJ12,31L,Departure,0.048337188,0.005192367,0.053529555
Airbus A300F4-600,DJ13,31L,Departure,0.048337188,0.005192367,0.053529555
Airbus A300F4-600,A2,35C,Approach,0.271943592,0.087156822,0.359100414
Airbus A300F4-600,DJ1,35C,Departure,0.042489948,0.004564258,0.047054206
Airbus A300F4-600,DJ4,35C,Departure,0.042489948,0.004564258,0.047054206
Airbus A300F4-600,A3,35R,Approach,0.13072951,0.04189828,0.17262779
Airbus A300F4-600,DJ2,35R,Departure,0.04911682,5.28E-03,0.054392935
Airbus A300F4-600,DJ3,35L,Departure,0.121622603,0.013064665,0.134687268
Airbus A300F4-600,DJ5,35L,Departure,0.121622603,0.013064665,0.134687268
Airbus A300F4-600,DJ7,35L,Departure,0.121622603,0.013064665,0.134687268
Airbus A300F4-600,DJ10,36R,Departure,0.105640146,1.13E-02,0.11698798
Airbus A300F4-600,DJ6,36R,Departure,0.105640146,0.011347834,0.11698798
Airbus A300F4-600,DJ8,36R,Departure,0.105640146,0.011347834,0.11698798
Airbus A300F4-600,DJ11,36L,Departure,0.024948226,0.002679931,0.027628158
Airbus A300F4-600,DJ9,36L,Departure,0.024948226,0.002679931,0.027628158
Airbus A319-100,DJ29,13L,Departure,0.185029588,0.019875825,0.204905413
Airbus A319-100,DP15,13L,Departure,0.645715501,0.069362573,0.715078074
Airbus A319-100,A8,13R,Approach,6.048660108,0.964716171,7.013376279
Airbus A319-100,A6,17C,Approach,11.99620829,1.913305743,13.90951403
Airbus A319-100,DJ22,17C,Departure,0.830745089,0.089238398,0.919983488
Airbus A319-100,DJ26,17C,Departure,0.830745089,0.089238398,0.919983488
Airbus A319-100,DJ27,17C,Departure,0.830745089,0.089238398,0.919983488
Airbus A319-100,DJ98,17C,Departure,0.623058817,0.066928799,0.689987616
Airbus A319-100,A5,17L,Approach,3.759197118,0.599563901,4.358761019
Airbus A319-100,DJ24,17L,Departure,1.385833854,0.148865874,1.534699727
Airbus A319-100,DP14,17L,Departure,0.015104456,0.001622516,0.016726973
Airbus A319-100,DJ18,17R,Departure,2.235459513,0.240132417,2.47559193
Airbus A319-100,DJ21,17R,Departure,2.235459513,0.240132417,2.47559193
Airbus A319-100,DJ23,17R,Departure,2.235459513,2.40E-01,2.47559193
Airbus A319-100,DJ25,17R,Departure,2.235459513,0.240132417,2.47559193
Airbus A319-100,DJ28,17R,Departure,2.235459513,0.240132417,2.47559193
Airbus A319-100,DJ14,18L,Departure,2.099519408,0.22552977,2.325049178
Airbus A319-100,DJ17,18L,Departure,2.099519408,2.26E-01,2.325049178
Airbus A319-100,DJ20,18L,Departure,2.099519408,0.22552977,2.325049178
Airbus A319-100,DJ30,18L,Departure,2.099519408,0.22552977,2.325049178
Airbus A319-100,DJ31,18L,Departure,2.099519408,0.22552977,2.325049178
Airbus A319-100,A7,18R,Approach,8.529513537,1.360393789,9.889907326
Airbus A319-100,DJ16,18R,Departure,0.645715501,0.069362573,0.715078074
Airbus A319-100,DJ19,18R,Departure,0.645715501,0.069362573,0.715078074
Airbus A319-100,DP12,18R,Departure,0.030208912,0.003245033,0.033453945
Airbus A319-100,A4,31R,Approach,1.339733075,0.213677432,1.553410507
Airbus A319-100,DJ12,31L,Departure,0.460685913,0.049486748,0.510172661
Airbus A319-100,DJ13,31L,Departure,0.460685913,0.049486748,0.510172661
Airbus A319-100,A2,35C,Approach,2.99002422,0.476886561,3.466910781
Airbus A319-100,DJ1,35C,Departure,0.411596431,0.04421357,0.455810001
Airbus A319-100,DJ4,35C,Departure,0.411596431,0.04421357,0.455810001
Airbus A319-100,A3,35R,Approach,1.448067286,0.230955931,1.679023217
Airbus A319-100,DJ2,35R,Departure,0.475790369,0.051109264,0.526899634
Airbus A319-100,DP1,35R,Departure,0.015104456,0.001622516,0.016726973
Airbus A319-100,DJ3,35L,Departure,1.178147581,0.126556274,1.304703855
Airbus A319-100,DJ5,35L,Departure,1.178147581,0.126556274,1.304703855
Airbus A319-100,DJ7,35L,Departure,1.178147581,0.126556274,1.304703855
Airbus A319-100,DJ10,36R,Departure,1.015774677,0.109114223,1.124888901
Airbus A319-100,DJ6,36R,Departure,1.015774677,0.109114223,1.124888901
Airbus A319-100,DJ8,36R,Departure,1.015774677,0.109114223,1.124888901
Airbus A319-100,DJ11,36L,Departure,0.241671299,0.025960261,0.26763156
Airbus A319-100,DJ9,36L,Departure,0.241671299,0.025960261,0.26763156
Airbus A319-100,DP5,36L,Departure,0.015104456,0.001622516,0.016726973
Airbus A321-200,DJ29,13L,Departure,0.26075142,0.028009842,0.288761263
Airbus A321-200,DP15,13L,Departure,0.909969242,0.097748634,1.007717876
Airbus A321-200,A8,13R,Approach,8.651242938,1.257935115,9.909178053
Airbus A321-200,A6,17C,Approach,17.15786808,2.494842062,19.65271014
Airbus A321-200,DJ22,17C,Departure,1.170720662,0.125758476,1.296479138
Airbus A321-200,DJ26,17C,Departure,1.170720662,0.125758476,1.296479138
Airbus A321-200,DJ27,17C,Departure,1.170720662,0.125758476,1.296479138
Airbus A321-200,DJ98,17C,Departure,0.878040496,0.094318857,0.972359354
Airbus A321-200,A5,17L,Approach,5.376682924,0.781797287,6.158480211
Airbus A321-200,DJ24,17L,Departure,1.952974922,0.209788004,2.162762926
Airbus A321-200,DP14,17L,Departure,0.02128583,0.002286518,0.023572348
Airbus A321-200,DJ18,17R,Departure,3.150302871,0.338404627,3.488707499
Airbus A321-200,DJ21,17R,Departure,3.150302871,0.338404627,3.488707499
Airbus A321-200,DJ23,17R,Departure,3.150302871,0.338404627,3.488707499
Airbus A321-200,DJ25,17R,Departure,3.150302871,3.38E-01,3.488707499
Airbus A321-200,DJ28,17R,Departure,3.150302871,0.338404627,3.488707499
Airbus A321-200,DJ14,18L,Departure,2.9587304,0.317825968,3.276556367
Airbus A321-200,DJ17,18L,Departure,2.9587304,0.317825968,3.276556367
Airbus A321-200,DJ20,18L,Departure,2.9587304,0.317825968,3.276556367
Airbus A321-200,DJ30,18L,Departure,2.9587304,0.317825968,3.276556367
Airbus A321-200,DJ31,18L,Departure,2.9587304,0.317825968,3.276556367
Airbus A321-200,A7,18R,Approach,12.19954377,1.773876264,13.97342004
Airbus A321-200,DJ16,18R,Departure,0.909969242,0.097748634,1.007717876
Airbus A321-200,DJ19,18R,Departure,0.909969242,0.097748634,1.007717876
Airbus A321-200,DP12,18R,Departure,0.04257166,0.004573036,0.047144696
Airbus A321-200,A4,31R,Approach,1.916185749,0.27862324,2.19480899
Airbus A321-200,DJ12,31L,Departure,0.649217821,0.069738791,0.718956613
Airbus A321-200,DJ13,31L,Departure,0.649217821,0.069738791,0.718956613
Airbus A321-200,A2,35C,Approach,4.276554718,0.621833,4.898387718
Airbus A321-200,DJ1,35C,Departure,0.580038873,0.062307609,0.642346482
Airbus A321-200,DJ4,35C,Departure,0.580038873,0.062307609,0.642346482
Airbus A321-200,A3,35R,Approach,2.071133384,0.301153422,2.372286806
Airbus A321-200,DJ2,35R,Departure,0.670503652,0.072025309,0.742528961
Airbus A321-200,DP1,35R,Departure,0.02128583,0.002286518,0.023572348
Airbus A321-200,DJ3,35L,Departure,1.660294757,0.178348385,1.838643141
Airbus A321-200,DJ5,35L,Departure,1.660294757,0.178348385,1.838643141
Airbus A321-200,DJ7,35L,Departure,1.660294757,1.78E-01,1.838643141
Airbus A321-200,DJ10,36R,Departure,1.431472082,0.153768319,1.585240401
Airbus A321-200,DJ6,36R,Departure,1.431472082,0.153768319,1.585240401
Airbus A321-200,DJ8,36R,Departure,1.431472082,0.153768319,1.585240401
Airbus A321-200,DJ11,36L,Departure,0.340573283,0.036584284,0.377157567
Airbus A321-200,DJ9,36L,Departure,0.340573283,0.036584284,0.377157567
Airbus A321-200,DP5,36L,Departure,0.02128583,0.002286518,0.023572348
Airbus A340-200,DJ29,13L,Departure,0.005441877,0.000584565,0.006026442
Airbus A340-200,DP15,13L,Departure,0.018991039,0.002040012,0.021031051
Airbus A340-200,A8,13R,Approach,0.186057169,0.019652298,0.205709468
Airbus A340-200,A6,17C,Approach,0.369234883,0.039000454,0.408235336
Airbus A340-200,DJ22,17C,Departure,0.024655033,0.002648437,0.02730347
Airbus A340-200,DJ26,17C,Departure,0.024655033,0.002648437,0.02730347
Airbus A340-200,DJ27,17C,Departure,0.024655033,0.002648437,0.02730347
Airbus A340-200,DJ98,17C,Departure,0.018435746,0.001980362,0.020416108
Airbus A340-200,A5,17L,Approach,0.11440301,0.012083824,0.126486833
Airbus A340-200,DJ24,17L,Departure,0.040980663,0.004402131,0.045382794
Airbus A340-200,DJ18,17R,Departure,0.066079931,0.007098287,0.073178218
Airbus A340-200,DJ21,17R,Departure,0.066079931,0.007098287,0.073178218
Airbus A340-200,DJ23,17R,Departure,0.066079931,0.007098287,0.073178218
Airbus A340-200,DJ25,17R,Departure,0.066079931,0.007098287,0.073178218
Airbus A340-200,DJ28,17R,Departure,0.066079931,0.007098287,0.073178218
Airbus A340-200,DJ14,18L,Departure,0.062081818,0.006668811,0.068750629
Airbus A340-200,DJ17,18L,Departure,0.062081818,0.006668811,0.068750629
Airbus A340-200,DJ20,18L,Departure,0.062081818,0.006668811,0.068750629
Airbus A340-200,DJ30,18L,Departure,0.062081818,0.006668811,0.068750629
Airbus A340-200,DJ31,18L,Departure,0.062081818,0.006668811,0.068750629
Airbus A340-200,A7,18R,Approach,0.260480037,0.027513218,0.287993255
Airbus A340-200,DJ16,18R,Departure,0.018991039,0.002040012,0.021031051
Airbus A340-200,DJ19,18R,Departure,0.018991039,0.002040012,0.021031051
Airbus A340-200,A4,31R,Approach,0.041087625,0.004339883,0.045427507
Airbus A340-200,DJ12,31L,Departure,0.01377128,0.001479307,0.015250587
Airbus A340-200,DJ13,31L,Departure,0.01377128,0.001479307,0.015250587
Airbus A340-200,A2,35C,Approach,0.091921102,0.009709171,0.101630273
Airbus A340-200,DJ1,35C,Departure,0.012105399,0.001300358,0.013405758
Airbus A340-200,DJ4,35C,Departure,0.012105399,0.001300358,0.013405758
Airbus A340-200,A3,35R,Approach,0.044188578,0.004667421,0.048855999
Airbus A340-200,DJ2,35R,Departure,0.013993397,0.001503167,0.015496564
Airbus A340-200,DJ3,35L,Departure,0.034650317,0.003722127,0.038372444
Airbus A340-200,DJ5,35L,Departure,0.034650317,0.003722127,0.038372444
Airbus A340-200,DJ7,35L,Departure,0.034650317,0.003722127,0.038372444
Airbus A340-200,DJ10,36R,Departure,0.03009691,0.003233001,0.033329911
Airbus A340-200,DJ6,36R,Departure,0.03009691,0.003233001,0.033329911
Airbus A340-200,DJ8,36R,Departure,0.03009691,0.003233001,0.033329911
Airbus A340-200,DJ11,36L,Departure,0.007107757,7.64E-04,0.007871271
Airbus A340-200,DJ9,36L,Departure,0.007107757,0.000763513,0.007871271
Airbus A380-800/Trent 970,DJ29,13L,Departure,1.21168E-05,1.30159E-06,1.34184E-05
Airbus A380-800/Trent 970,DP15,13L,Departure,4.22853E-05,4.54227E-06,4.68275E-05
Airbus A380-800/Trent 970,A8,13R,Approach,0.103973184,6.31E-02,0.167095902
Airbus A380-800/Trent 970,A6,17C,Approach,0.206337259,0.125268536,0.331605795
Airbus A380-800/Trent 970,DJ22,17C,Departure,5.48967E-05,5.89698E-06,6.07936E-05
Airbus A380-800/Trent 970,DJ26,17C,Departure,5.48967E-05,5.89698E-06,6.07936E-05
Airbus A380-800/Trent 970,DJ27,17C,Departure,5.48967E-05,5.89698E-06,6.07936E-05
Airbus A380-800/Trent 970,DJ98,17C,Departure,4.10489E-05,4.40946E-06,4.54583E-05
Airbus A380-800/Trent 970,A5,17L,Approach,0.06393113,0.038812957,0.102744087
Airbus A380-800/Trent 970,DJ24,17L,Departure,9.12471E-05,9.80174E-06,0.000101049
Airbus A380-800/Trent 970,DJ18,17R,Departure,0.000147133,1.5805E-05,0.000162938
Airbus A380-800/Trent 970,DJ21,17R,Departure,0.000147133,1.5805E-05,0.000162938
Airbus A380-800/Trent 970,DJ23,17R,Departure,0.000147133,1.5805E-05,0.000162938
Airbus A380-800/Trent 970,DJ25,17R,Departure,0.000147133,1.5805E-05,0.000162938
Airbus A380-800/Trent 970,DJ28,17R,Departure,0.000147133,1.5805E-05,0.000162938
Airbus A380-800/Trent 970,DJ14,18L,Departure,0.000138231,1.48487E-05,0.000153079
Airbus A380-800/Trent 970,DJ17,18L,Departure,0.000138231,1.48487E-05,0.000153079
Airbus A380-800/Trent 970,DJ20,18L,Departure,0.000138231,1.48487E-05,0.000153079
Airbus A380-800/Trent 970,DJ30,18L,Departure,0.000138231,1.48487E-05,0.000153079
Airbus A380-800/Trent 970,DJ31,18L,Departure,0.000138231,1.48487E-05,0.000153079
Airbus A380-800/Trent 970,A7,18R,Approach,0.145562457,8.84E-02,0.233934262
Airbus A380-800/Trent 970,DJ16,18R,Departure,4.22853E-05,4.54227E-06,4.68275E-05
Airbus A380-800/Trent 970,DJ19,18R,Departure,4.22853E-05,4.54227E-06,4.68275E-05
Airbus A380-800/Trent 970,A4,31R,Approach,0.022960745,0.0139396,0.036900345
Airbus A380-800/Trent 970,DJ12,31L,Departure,3.0663E-05,3.29E-06,3.39568E-05
Airbus A380-800/Trent 970,DJ13,31L,Departure,3.0663E-05,3.29381E-06,3.39568E-05
Airbus A380-800/Trent 970,A2,35C,Approach,0.051367704,0.031185628,0.082553332
Airbus A380-800/Trent 970,DJ1,35C,Departure,2.69538E-05,2.89537E-06,2.98491E-05
Airbus A380-800/Trent 970,DJ4,35C,Departure,2.69538E-05,2.89537E-06,2.98491E-05
Airbus A380-800/Trent 970,A3,35R,Approach,0.024693631,0.014991645,0.039685277
Airbus A380-800/Trent 970,DJ2,35R,Departure,3.11576E-05,3.34694E-06,3.45045E-05
Airbus A380-800/Trent 970,DJ3,35L,Departure,7.71521E-05,8.28765E-06,8.54397E-05
Airbus A380-800/Trent 970,DJ5,35L,Departure,7.71521E-05,8.28765E-06,8.54397E-05
Airbus A380-800/Trent 970,DJ7,35L,Departure,7.71521E-05,8.28765E-06,8.54397E-05
Airbus A380-800/Trent 970,DJ10,36R,Departure,6.70135E-05,7.19857E-06,7.42121E-05
Airbus A380-800/Trent 970,DJ6,36R,Departure,6.70135E-05,7.19857E-06,7.42121E-05
Airbus A380-800/Trent 970,DJ8,36R,Departure,6.70135E-05,7.19857E-06,7.42121E-05
Airbus A380-800/Trent 970,DJ11,36L,Departure,1.58261E-05,1.70003E-06,1.75261E-05
Airbus A380-800/Trent 970,DJ9,36L,Departure,1.58261E-05,1.70003E-06,1.75261E-05
Boeing 717-200,DJ29,13L,Departure,0.001442401,0.000154942,0.001597343
Boeing 717-200,DP15,13L,Departure,0.005033685,0.000540717,0.005574402
Boeing 717-200,A8,13R,Approach,0.049341596,0.005749399,0.055090995
Boeing 717-200,A6,17C,Approach,0.097858378,1.14E-02,0.109261066
Boeing 717-200,DJ22,17C,Departure,0.006476086,0.000695659,0.007171745
Boeing 717-200,DJ26,17C,Departure,0.006476086,0.000695659,0.007171745
Boeing 717-200,DJ27,17C,Departure,0.006476086,0.000695659,0.007171745
Boeing 717-200,DJ98,17C,Departure,0.004857064,5.22E-04,0.005378809
Boeing 717-200,A5,17L,Approach,0.030665434,0.003573208,0.034238642
Boeing 717-200,DJ24,17L,Departure,0.010803288,0.001160486,0.011963774
Boeing 717-200,DP14,17L,Departure,0.000117747,1.26483E-05,0.000130395
Boeing 717-200,DJ18,17R,Departure,0.017426558,0.001871956,0.019298513
Boeing 717-200,DJ21,17R,Departure,0.017426558,0.001871956,0.019298513
Boeing 717-200,DJ23,17R,Departure,0.017426558,0.001871956,0.019298513
Boeing 717-200,DJ25,17R,Departure,0.017426558,0.001871956,0.019298513
Boeing 717-200,DJ28,17R,Departure,0.017426558,0.001871956,0.019298513
Boeing 717-200,DJ14,18L,Departure,0.016366834,0.001758121,0.018124955
Boeing 717-200,DJ17,18L,Departure,0.016366834,0.001758121,0.018124955
Boeing 717-200,DJ20,18L,Departure,0.016366834,0.001758121,0.018124955
Boeing 717-200,DJ30,18L,Departure,0.016366834,0.001758121,0.018124955
Boeing 717-200,DJ31,18L,Departure,0.016366834,0.001758121,0.018124955
Boeing 717-200,A7,18R,Approach,0.069579015,0.00810751,0.077686526
Boeing 717-200,DJ16,18R,Departure,0.005033685,0.000540717,0.005574402
Boeing 717-200,DJ19,18R,Departure,0.005033685,0.000540717,0.005574402
Boeing 717-200,DP12,18R,Departure,0.000235494,2.52967E-05,0.000260791
Boeing 717-200,A4,31R,Approach,0.010928795,0.001273449,0.012202244
Boeing 717-200,DJ12,31L,Departure,0.003591284,0.000385775,0.003977058
Boeing 717-200,DJ13,31L,Departure,0.003591284,0.000385775,0.003977058
Boeing 717-200,A2,35C,Approach,0.02439095,0.002842091,0.027233041
Boeing 717-200,DJ1,35C,Departure,0.003208606,0.000344668,0.003553274
Boeing 717-200,DJ4,35C,Departure,0.003208606,0.000344668,0.003553274
Boeing 717-200,A3,35R,Approach,0.011812525,0.001376423,0.013188949
Boeing 717-200,DJ2,35R,Departure,0.003709031,0.000398423,0.004107454
Boeing 717-200,DP1,35R,Departure,0.000117747,1.26483E-05,0.000130395
Boeing 717-200,DJ3,35L,Departure,0.009184267,0.000986571,0.010170838
Boeing 717-200,DJ5,35L,Departure,0.009184267,0.000986571,0.010170838
Boeing 717-200,DJ7,35L,Departure,0.009184267,0.000986571,0.010170838
Boeing 717-200,DJ10,36R,Departure,0.007918486,0.000850602,0.008769088
Boeing 717-200,DJ6,36R,Departure,0.007918486,0.000850602,0.008769088
Boeing 717-200,DJ8,36R,Departure,0.007918486,0.000850602,0.008769088
Boeing 717-200,DJ11,36L,Departure,0.001883952,0.000202374,0.002086326
Boeing 717-200,DJ9,36L,Departure,0.001883952,0.000202374,0.002086326
Boeing 717-200,DP5,36L,Departure,0.000117747,1.26E-05,0.000130395
Boeing 737-400,DJ29,13L,Departure,0.001830231,0.000196603,0.002026834
Boeing 737-400,DP15,13L,Departure,0.006387134,0.000686104,0.007073238
Boeing 737-400,A8,13R,Approach,0.057998009,0.012212835,0.070210844
Boeing 737-400,A6,17C,Approach,0.115026499,0.024221515,0.139248014
Boeing 737-400,DJ22,17C,Departure,0.008217365,8.83E-04,0.009100072
Boeing 737-400,DJ26,17C,Departure,0.008217365,0.000882707,0.009100072
Boeing 737-400,DJ27,17C,Departure,0.008217365,0.000882707,0.009100072
Boeing 737-400,DJ98,17C,Departure,0.006163024,0.00066203,0.006825054
Boeing 737-400,A5,17L,Approach,0.03604533,7.59E-03,0.043635515
Boeing 737-400,DJ24,17L,Departure,0.013708059,0.001472516,0.015180575
Boeing 737-400,DP14,17L,Departure,0.000149407,1.60492E-05,0.000165456
Boeing 737-400,DJ18,17R,Departure,0.022112182,0.002375284,0.024487466
Boeing 737-400,DJ21,17R,Departure,0.022112182,0.002375284,0.024487466
Boeing 737-400,DJ23,17R,Departure,0.022112182,0.002375284,0.024487466
Boeing 737-400,DJ25,17R,Departure,0.022112182,0.002375284,0.024487466
Boeing 737-400,DJ28,17R,Departure,0.022112182,0.002375284,0.024487466
Boeing 737-400,DJ14,18L,Departure,0.020767522,0.002230841,0.022998364
Boeing 737-400,DJ17,18L,Departure,0.020767522,0.002230841,0.022998364
Boeing 737-400,DJ20,18L,Departure,0.020767522,0.002230841,0.022998364
Boeing 737-400,DJ30,18L,Departure,0.020767522,0.002230841,0.022998364
Boeing 737-400,DJ31,18L,Departure,0.020767522,0.002230841,0.022998364
Boeing 737-400,A7,18R,Approach,0.081785849,0.01722192,0.099007769
Boeing 737-400,DJ16,18R,Departure,0.006387134,0.000686104,0.007073238
Boeing 737-400,DJ19,18R,Departure,0.006387134,0.000686104,0.007073238
Boeing 737-400,DP12,18R,Departure,0.000298813,3.20984E-05,0.000330912
Boeing 737-400,A4,31R,Approach,0.012846126,0.002705052,0.015551178
Boeing 737-400,DJ12,31L,Departure,0.004556902,4.90E-04,0.005046404
Boeing 737-400,DJ13,31L,Departure,0.004556902,0.000489501,0.005046404
Boeing 737-400,A2,35C,Approach,0.028670061,0.006037151,0.034707211
Boeing 737-400,DJ1,35C,Departure,0.004071331,0.000437341,0.004508672
Boeing 737-400,DJ4,35C,Departure,0.004071331,0.000437341,0.004508672
Boeing 737-400,A3,35R,Approach,0.013884897,0.002923789,0.016808686
Boeing 737-400,DJ2,35R,Departure,0.004706309,0.00050555,0.005211859
Boeing 737-400,DP1,35R,Departure,0.000149407,1.60492E-05,0.000165456
Boeing 737-400,DJ3,35L,Departure,0.011653718,0.001251839,0.012905557
Boeing 737-400,DJ5,35L,Departure,0.011653718,0.001251839,0.012905557
Boeing 737-400,DJ7,35L,Departure,0.011653718,0.001251839,0.012905557
Boeing 737-400,DJ10,36R,Departure,0.010047596,0.00107931,0.011126906
Boeing 737-400,DJ6,36R,Departure,0.010047596,0.00107931,0.011126906
Boeing 737-400,DJ8,36R,Departure,0.010047596,0.00107931,0.011126906
Boeing 737-400,DJ11,36L,Departure,0.002390506,0.000256787,0.002647294
Boeing 737-400,DJ9,36L,Departure,0.002390506,0.000256787,0.002647294
Boeing 737-400,DP5,36L,Departure,0.000149407,1.60492E-05,0.000165456
Boeing 737-800,DJ29,13L,Departure,7.24E-01,7.78E-02,0.801558359
Boeing 737-800,DP15,13L,Departure,2.525939407,0.271335684,2.797275091
Boeing 737-800,A8,13R,Approach,24.14380088,3.352220643,27.49602152
Boeing 737-800,A6,17C,Approach,47.8840039,6.648404164,54.53240806
Boeing 737-800,DJ22,17C,Departure,3.249746606,0.349086845,3.598833451
Boeing 737-800,DJ26,17C,Departure,3.25E+00,3.49E-01,3.60E+00
Boeing 737-800,DJ27,17C,Departure,3.249746606,0.349086845,3.598833451
Boeing 737-800,DJ98,17C,Departure,2.437309954,2.62E-01,2.699125088
Boeing 737-800,A5,17L,Approach,15.00519207,2.083380113,17.08857218
Boeing 737-800,DJ24,17L,Departure,5.42E+00,5.82E-01,6.003508529
Boeing 737-800,DP14,17L,Departure,0.059086302,0.006347034,0.065433335
Boeing 737-800,DJ18,17R,Departure,8.744772685,0.939360964,9.684133649
Boeing 737-800,DJ21,17R,Departure,8.744772685,0.939360964,9.684133649
Boeing 737-800,DJ23,17R,Departure,8.744772685,0.939360964,9.684133649
Boeing 737-800,DJ25,17R,Departure,8.744772685,0.939360964,9.684133649
Boeing 737-800,DJ28,17R,Departure,8.744772685,0.939360964,9.684133649
Boeing 737-800,DJ14,18L,Departure,8.212995968,0.882237662,9.09523363
Boeing 737-800,DJ17,18L,Departure,8.212995968,0.882237662,9.09523363
Boeing 737-800,DJ20,18L,Departure,8.212995968,0.882237662,9.09523363
Boeing 737-800,DJ30,18L,Departure,8.212995968,0.882237662,9.09523363
Boeing 737-800,DJ31,18L,Departure,8.212995968,0.882237662,9.09523363
Boeing 737-800,A7,18R,Approach,34.0463628,4.727131438,38.77349423
Boeing 737-800,DJ16,18R,Departure,2.53E+00,2.71E-01,2.80E+00
Boeing 737-800,DJ19,18R,Departure,2.525939407,0.271335684,2.797275091
Boeing 737-800,DP12,18R,Departure,0.118172604,0.012694067,0.130866671
Boeing 737-800,A4,31R,Approach,5.347671718,0.742491856,6.090163573
Boeing 737-800,DJ12,31L,Departure,1.802132209,0.193584523,1.995716732
Boeing 737-800,DJ13,31L,Departure,1.80E+00,1.94E-01,2.00E+00
Boeing 737-800,A2,35C,Approach,11.93496545,1.657097727,13.59206318
Boeing 737-800,DJ1,35C,Departure,1.610101727,1.73E-01,1.783058391
Boeing 737-800,DJ4,35C,Departure,1.610101727,0.172956664,1.783058391
Boeing 737-800,A3,35R,Approach,5.78E+00,8.03E-01,6.58E+00
Boeing 737-800,DJ2,35R,Departure,1.861218511,0.199931557,2.061150067
Boeing 737-800,DP1,35R,Departure,0.059086302,0.006347034,0.065433335
Boeing 737-800,DJ3,35L,Departure,4.60873155,0.495068616,5.103800166
Boeing 737-800,DJ5,35L,Departure,4.60873155,0.495068616,5.103800166
Boeing 737-800,DJ7,35L,Departure,4.60873155,0.495068616,5.103800166
Boeing 737-800,DJ10,36R,Departure,3.973553805,0.426838006,4.40039181
Boeing 737-800,DJ6,36R,Departure,3.973553805,0.426838006,4.40039181
Boeing 737-800,DJ8,36R,Departure,3.973553805,0.426838006,4.40039181
Boeing 737-800,DJ11,36L,Departure,0.945380831,0.101552537,1.046933367
Boeing 737-800,DJ9,36L,Departure,0.945380831,0.101552537,1.046933367
Boeing 737-800,DP5,36L,Departure,0.059086302,0.006347034,0.065433335
Boeing 747-400,DJ29,13L,Departure,0.015767557,0.001693746,0.017461303
Boeing 747-400,DP15,13L,Departure,5.50E-02,5.91E-03,6.09E-02
Boeing 747-400,A8,13R,Approach,0.48426993,0.114192429,0.598462359
Boeing 747-400,A6,17C,Approach,0.961045206,0.226617593,1.1876628
Boeing 747-400,DJ22,17C,Departure,0.071436686,0.007673708,0.079110395
Boeing 747-400,DJ26,17C,Departure,0.071436686,0.007673708,0.079110395
Boeing 747-400,DJ27,17C,Departure,7.14E-02,7.67E-03,7.91E-02
Boeing 747-400,DJ98,17C,Departure,0.053416621,0.005737998,0.059154619
Boeing 747-400,A5,17L,Approach,0.297768356,7.02E-02,0.367983105
Boeing 747-400,DJ24,17L,Departure,0.118739357,0.012754948,0.131494305
Boeing 747-400,DJ18,17R,Departure,1.91E-01,2.06E-02,2.12E-01
Boeing 747-400,DJ21,17R,Departure,0.191463191,0.020566921,0.212030112
Boeing 747-400,DJ23,17R,Departure,0.191463191,0.020566921,0.212030112
Boeing 747-400,DJ25,17R,Departure,0.191463191,0.020566921,0.212030112
Boeing 747-400,DJ28,17R,Departure,0.191463191,0.020566921,0.212030112
Boeing 747-400,DJ14,18L,Departure,0.179878864,0.019322536,0.199201399
Boeing 747-400,DJ17,18L,Departure,0.179878864,0.019322536,0.199201399
Boeing 747-400,DJ20,18L,Departure,0.179878864,0.019322536,0.199201399
Boeing 747-400,DJ30,18L,Departure,0.179878864,0.019322536,0.199201399
Boeing 747-400,DJ31,18L,Departure,0.179878864,0.019322536,0.199201399
Boeing 747-400,A7,18R,Approach,0.677977902,0.1598694,0.837847302
Boeing 747-400,DJ16,18R,Departure,0.055025556,0.005910829,0.060936385
Boeing 747-400,DJ19,18R,Departure,0.055025556,0.005910829,0.060936385
Boeing 747-400,A4,31R,Approach,0.106942943,2.52E-02,0.132160438
Boeing 747-400,DJ12,31L,Departure,0.039901573,0.004286215,0.044187788
Boeing 747-400,DJ13,31L,Departure,0.039901573,0.004286215,0.044187788
Boeing 747-400,A2,35C,Approach,0.239252406,0.056416497,0.295668903
Boeing 747-400,DJ1,35C,Departure,0.035074769,0.003767722,0.038842491
Boeing 747-400,DJ4,35C,Departure,0.035074769,3.77E-03,0.038842491
Boeing 747-400,A3,35R,Approach,0.115014108,0.027120702,0.14213481
Boeing 747-400,DJ2,35R,Departure,0.040545146,4.36E-03,0.044900494
Boeing 747-400,DJ3,35L,Departure,0.100397505,0.010784671,0.111182176
Boeing 747-400,DJ5,35L,Departure,0.100397505,1.08E-02,0.111182176
Boeing 747-400,DJ7,35L,Departure,0.100397505,0.010784671,0.111182176
Boeing 747-400,DJ10,36R,Departure,0.087204243,0.009367455,0.096571698
Boeing 747-400,DJ6,36R,Departure,0.087204243,0.009367455,0.096571698
Boeing 747-400,DJ8,36R,Departure,0.087204243,0.009367455,0.096571698
Boeing 747-400,DJ11,36L,Departure,0.02059436,0.00221224,0.0228066
Boeing 747-400,DJ9,36L,Departure,0.02059436,0.00221224,0.0228066
Boeing 787-800 Dreamliner,DJ29,13L,Departure,0.010447428,0.00112226,0.011569688
Boeing 787-800 Dreamliner,DP15,13L,Departure,0.036459392,0.003916457,0.040375849
Boeing 787-800 Dreamliner,A8,13R,Approach,0.327504676,0.06980311,0.397307786
Boeing 787-800 Dreamliner,A6,17C,Approach,0.649940828,0.138525934,0.788466762
Boeing 787-800 Dreamliner,DJ22,17C,Departure,0.047333245,0.005084524,0.052417769
Boeing 787-800 Dreamliner,DJ26,17C,Departure,0.047333245,0.005084524,0.052417769
Boeing 787-800 Dreamliner,DJ27,17C,Departure,0.047333245,5.08E-03,0.052417769
Boeing 787-800 Dreamliner,DJ98,17C,Departure,0.035393328,0.003801941,0.039195269
Boeing 787-800 Dreamliner,A5,17L,Approach,0.201376387,0.042920603,0.24429699
Boeing 787-800 Dreamliner,DJ24,17L,Departure,0.07867553,0.008451303,0.087126832
Boeing 787-800 Dreamliner,DJ18,17R,Departure,0.126861626,0.013627439,0.140489066
Boeing 787-800 Dreamliner,DJ21,17R,Departure,0.126861626,1.36E-02,0.140489066
Boeing 787-800 Dreamliner,DJ23,17R,Departure,0.126861626,0.013627439,0.140489066
Boeing 787-800 Dreamliner,DJ25,17R,Departure,0.126861626,0.013627439,0.140489066
Boeing 787-800 Dreamliner,DJ28,17R,Departure,0.126861626,0.013627439,0.140489066
Boeing 787-800 Dreamliner,DJ14,18L,Departure,0.119185965,1.28E-02,0.131988887
Boeing 787-800 Dreamliner,DJ17,18L,Departure,0.119185965,0.012802922,0.131988887
Boeing 787-800 Dreamliner,DJ20,18L,Departure,0.119185965,0.012802922,0.131988887
Boeing 787-800 Dreamliner,DJ30,18L,Departure,0.119185965,0.012802922,0.131988887
Boeing 787-800 Dreamliner,DJ31,18L,Departure,0.119185965,0.012802922,0.131988887
Boeing 787-800 Dreamliner,A7,18R,Approach,0.458506547,0.097724354,0.556230901
Boeing 787-800 Dreamliner,DJ16,18R,Departure,0.036459392,0.003916457,0.040375849
Boeing 787-800 Dreamliner,DJ19,18R,Departure,0.036459392,0.003916457,0.040375849
Boeing 787-800 Dreamliner,A4,31R,Approach,0.072323949,0.015414853,0.087738803
Boeing 787-800 Dreamliner,DJ12,31L,Departure,0.026438389,0.002840004,0.029278394
Boeing 787-800 Dreamliner,DJ13,31L,Departure,0.026438389,0.002840004,0.029278394
Boeing 787-800 Dreamliner,A2,35C,Approach,0.161802905,0.03448606,0.196288966
Boeing 787-800 Dreamliner,DJ1,35C,Departure,0.023240197,0.002496455,0.025736652
Boeing 787-800 Dreamliner,DJ4,35C,Departure,0.023240197,0.002496455,0.025736652
Boeing 787-800 Dreamliner,A3,35R,Approach,0.077782361,0.016578239,0.094360599
Boeing 787-800 Dreamliner,DJ2,35R,Departure,0.026864815,0.002885811,0.029750626
Boeing 787-800 Dreamliner,DJ3,35L,Departure,0.066522399,0.007145817,0.073668216
Boeing 787-800 Dreamliner,DJ5,35L,Departure,0.066522399,0.007145817,0.073668216
Boeing 787-800 Dreamliner,DJ7,35L,Departure,0.066522399,0.007145817,0.073668216
Boeing 787-800 Dreamliner,DJ10,36R,Departure,0.057780673,0.006206783,0.063987457
Boeing 787-800 Dreamliner,DJ6,36R,Departure,0.057780673,0.006206783,0.063987457
Boeing 787-800 Dreamliner,DJ8,36R,Departure,0.057780673,0.006206783,0.063987457
Boeing 787-800 Dreamliner,DJ11,36L,Departure,0.01364562,0.001465809,0.015111429
Boeing 787-800 Dreamliner,DJ9,36L,Departure,0.01364562,0.001465809,0.015111429
Boeing 757-200,DJ29,13L,Departure,0.089599803,0.009624785,0.099224588
Boeing 757-200,DP15,13L,Departure,0.312685028,0.033588536,0.346273564
Boeing 757-200,A8,13R,Approach,2.867418127,0.517509624,3.384927752
Boeing 757-200,A6,17C,Approach,5.686903295,1.026368342,6.713271636
Boeing 757-200,DJ22,17C,Departure,0.402284831,0.043213321,0.445498152
Boeing 757-200,DJ26,17C,Departure,0.402284831,0.043213321,0.445498152
Boeing 757-200,DJ27,17C,Departure,0.402284831,0.043213321,0.445498152
Boeing 757-200,DJ98,17C,Departure,0.301713624,0.032409991,0.334123614
Boeing 757-200,A5,17L,Approach,1.782078967,0.32162837,2.103707337
Boeing 757-200,DJ24,17L,Departure,0.671084242,0.072087676,0.743171918
Boeing 757-200,DP14,17L,Departure,0.00731427,0.000785697,0.008099966
Boeing 757-200,DJ18,17R,Departure,1.08251191,1.16E-01,1.198795028
Boeing 757-200,DJ21,17R,Departure,1.08251191,0.116283118,1.198795028
Boeing 757-200,DJ23,17R,Departure,1.08251191,0.116283118,1.198795028
Boeing 757-200,DJ25,17R,Departure,1.08251191,0.116283118,1.198795028
Boeing 757-200,DJ28,17R,Departure,1.08251191,0.116283118,1.198795028
Boeing 757-200,DJ14,18L,Departure,1.016683483,1.09E-01,1.12589533
Boeing 757-200,DJ17,18L,Departure,1.016683483,0.109211847,1.12589533
Boeing 757-200,DJ20,18L,Departure,1.016683483,1.09E-01,1.12589533
Boeing 757-200,DJ30,18L,Departure,1.016683483,0.109211847,1.12589533
Boeing 757-200,DJ31,18L,Departure,1.016683483,1.09E-01,1.12589533
Boeing 757-200,A7,18R,Approach,4.043487532,0.729765811,4.773253343
Boeing 757-200,DJ16,18R,Departure,0.312685028,0.033588536,0.346273564
Boeing 757-200,DJ19,18R,Departure,0.312685028,0.033588536,0.346273564
Boeing 757-200,DP12,18R,Departure,0.014628539,0.001571393,0.016199933
Boeing 757-200,A4,31R,Approach,0.635111717,0.11462452,0.749736236
Boeing 757-200,DJ12,31L,Departure,0.223085225,0.023963751,0.247048975
Boeing 757-200,DJ13,31L,Departure,0.223085225,0.023963751,0.247048975
Boeing 757-200,A2,35C,Approach,1.417446095,0.255819683,1.673265778
Boeing 757-200,DJ1,35C,Departure,0.199313848,0.021410236,0.220724084
Boeing 757-200,DJ4,35C,Departure,0.199313848,0.021410236,0.220724084
Boeing 757-200,A3,35R,Approach,0.686468459,0.123893349,0.810361808
Boeing 757-200,DJ2,35R,Departure,0.230399494,0.024749447,0.255148942
Boeing 757-200,DP1,35R,Departure,0.00731427,0.000785697,0.008099966
Boeing 757-200,DJ3,35L,Departure,0.570513034,0.061284346,0.631797379
Boeing 757-200,DJ5,35L,Departure,0.570513034,0.061284346,0.631797379
Boeing 757-200,DJ7,35L,Departure,0.570513034,0.061284346,0.631797379
Boeing 757-200,DJ10,36R,Departure,0.491884635,0.052838106,0.544722741
Boeing 757-200,DJ6,36R,Departure,0.491884635,0.052838106,0.544722741
Boeing 757-200,DJ8,36R,Departure,0.491884635,0.052838106,0.544722741
Boeing 757-200,DJ11,36L,Departure,0.117028315,0.012571148,0.129599462
Boeing 757-200,DJ9,36L,Departure,0.117028315,0.012571148,0.129599462
Boeing 757-200,DP5,36L,Departure,0.00731427,0.000785697,0.008099966
Boeing 767-200,DJ29,13L,Departure,0.003635956,0.000390573,0.004026529
Boeing 767-200,DP15,13L,Departure,0.012688744,0.001363021,0.014051765
Boeing 767-200,A8,13R,Approach,0.106470334,0.025267612,0.131737946
Boeing 767-200,A6,17C,Approach,0.211292913,0.050144177,0.26143709
Boeing 767-200,DJ22,17C,Departure,0.016473106,0.001769536,0.018242642
Boeing 767-200,DJ26,17C,Departure,0.016473106,0.001769536,0.018242642
Boeing 767-200,DJ27,17C,Departure,0.016473106,0.001769536,0.018242642
Boeing 767-200,DJ98,17C,Departure,0.012317728,0.001323167,0.013640895
Boeing 767-200,A5,17L,Approach,0.06546658,0.015536573,0.081003154
Boeing 767-200,DJ24,17L,Departure,0.027380974,0.002941256,0.03032223
Boeing 767-200,DJ18,17R,Departure,0.044150893,0.004742676,0.048893569
Boeing 767-200,DJ21,17R,Departure,0.044150893,0.004742676,0.048893569
Boeing 767-200,DJ23,17R,Departure,0.044150893,0.004742676,0.048893569
Boeing 767-200,DJ25,17R,Departure,0.044150893,0.004742676,0.048893569
Boeing 767-200,DJ28,17R,Departure,0.044150893,0.004742676,0.048893569
Boeing 767-200,DJ14,18L,Departure,0.041479578,0.004455724,0.045935302
Boeing 767-200,DJ17,18L,Departure,0.041479578,0.004455724,0.045935302
Boeing 767-200,DJ20,18L,Departure,0.041479578,0.004455724,0.045935302
Boeing 767-200,DJ30,18L,Departure,0.041479578,0.004455724,0.045935302
Boeing 767-200,DJ31,18L,Departure,0.041479578,0.004455724,0.045935302
Boeing 767-200,A7,18R,Approach,0.149058468,0.035374656,0.184433124
Boeing 767-200,DJ16,18R,Departure,0.012688744,1.36E-03,0.014051765
Boeing 767-200,DJ19,18R,Departure,0.012688744,0.001363021,0.014051765
Boeing 767-200,A4,31R,Approach,0.023512199,0.005579931,0.02909213
Boeing 767-200,DJ12,31L,Departure,0.009201194,0.00098839,0.010189584
Boeing 767-200,DJ13,31L,Departure,0.009201194,0.00098839,0.010189584
Boeing 767-200,A2,35C,Approach,0.052601415,0.012483403,0.065084818
Boeing 767-200,DJ1,35C,Departure,0.008088147,0.000868826,0.008956973
Boeing 767-200,DJ4,35C,Departure,0.008088147,0.000868826,0.008956973
Boeing 767-200,A3,35R,Approach,0.025286704,0.006001058,0.031287762
Boeing 767-200,DJ2,35R,Departure,0.009349601,0.001004331,0.010353932
Boeing 767-200,DJ3,35L,Departure,0.023151392,0.002486916,0.025638308
Boeing 767-200,DJ5,35L,Departure,0.023151392,0.002486916,0.025638308
Boeing 767-200,DJ7,35L,Departure,0.023151392,0.002486916,0.025638308
Boeing 767-200,DJ10,36R,Departure,0.020109062,0.00216011,0.022269172
Boeing 767-200,DJ6,36R,Departure,0.020109062,0.00216011,0.022269172
Boeing 767-200,DJ8,36R,Departure,0.020109062,0.00216011,0.022269172
Boeing 767-200,DJ11,36L,Departure,0.004749004,0.000510137,0.00525914
Boeing 767-200,DJ9,36L,Departure,0.004749004,0.000510137,0.00525914
Boeing 767-300,DJ29,13L,Departure,0.055230338,0.005932827,0.061163165
Boeing 767-300,DP15,13L,Departure,0.192742608,0.020704355,0.213446963
Boeing 767-300,A8,13R,Approach,1.744398582,0.363731007,2.10812959
Boeing 767-300,A6,17C,Approach,3.46180052,0.721832844,4.183633364
Boeing 767-300,DJ22,17C,Departure,0.250227245,0.026879339,0.277106584
Boeing 767-300,DJ26,17C,Departure,0.250227245,0.026879339,0.277106584
Boeing 767-300,DJ27,17C,Departure,0.250227245,0.026879339,0.277106584
Boeing 767-300,DJ98,17C,Departure,0.187106859,0.020098965,0.207205824
Boeing 767-300,A5,17L,Approach,1.072597462,0.223651268,1.29624873
Boeing 767-300,DJ24,17L,Departure,0.415918259,0.04467782,0.460596078
Boeing 767-300,DJ18,17R,Departure,0.670654103,0.072041471,0.742695573
Boeing 767-300,DJ21,17R,Departure,0.670654103,0.072041471,0.742695573
Boeing 767-300,DJ23,17R,Departure,0.670654103,0.072041471,0.742695573
Boeing 767-300,DJ25,17R,Departure,0.670654103,0.072041471,0.742695573
Boeing 767-300,DJ28,17R,Departure,0.670654103,0.072041471,0.742695573
Boeing 767-300,DJ14,18L,Departure,0.630076712,0.067682659,0.697759371
Boeing 767-300,DJ17,18L,Departure,0.630076712,0.067682659,0.697759371
Boeing 767-300,DJ20,18L,Departure,0.630076712,0.067682659,0.697759371
Boeing 767-300,DJ30,18L,Departure,0.630076712,0.067682659,0.697759371
Boeing 767-300,DJ31,18L,Departure,0.630076712,0.067682659,0.697759371
Boeing 767-300,A7,18R,Approach,2.442158015,0.50922341,2.951381425
Boeing 767-300,DJ16,18R,Departure,0.192742608,0.020704355,0.213446963
Boeing 767-300,DJ19,18R,Departure,0.192742608,0.020704355,0.213446963
Boeing 767-300,A4,31R,Approach,0.385221354,0.080323931,0.465545284
Boeing 767-300,DJ12,31L,Departure,0.139766569,0.015013685,0.154780254
Boeing 767-300,DJ13,31L,Departure,0.139766569,0.015013685,0.154780254
Boeing 767-300,A2,35C,Approach,0.861815966,0.179700438,1.041516404
Boeing 767-300,DJ1,35C,Departure,0.122859323,0.013197513,0.136056836
Boeing 767-300,DJ4,35C,Departure,0.122859323,0.013197513,0.136056836
Boeing 767-300,A3,35R,Approach,0.414294663,0.086386114,0.500680778
Boeing 767-300,DJ2,35R,Departure,0.142020869,0.015255841,0.15727671
Boeing 767-300,DJ3,35L,Departure,0.351670723,0.037776368,0.389447091
Boeing 767-300,DJ5,35L,Departure,0.351670723,0.037776368,0.389447091
Boeing 767-300,DJ7,35L,Departure,0.351670723,0.037776368,0.389447091
Boeing 767-300,DJ10,36R,Departure,0.305457583,0.032812166,0.338269749
Boeing 767-300,DJ6,36R,Departure,0.305457583,0.032812166,0.338269749
Boeing 767-300,DJ8,36R,Departure,0.305457583,0.032812166,0.338269749
Boeing 767-300,DJ11,36L,Departure,0.072137584,0.007748999,0.079886583
Boeing 767-300,DJ9,36L,Departure,0.072137584,0.007748999,0.079886583
Boeing 767-400 ER,DJ29,13L,Departure,9.69435E-05,1.04136E-05,0.000107357
Boeing 767-400 ER,DP15,13L,Departure,0.000338313,3.63415E-05,0.000374654
Boeing 767-400 ER,A8,13R,Approach,0.003125027,0.000556433,0.00368146
Boeing 767-400 ER,A6,17C,Approach,0.00620169,0.001104255,0.007305945
Boeing 767-400 ER,DJ22,17C,Departure,0.000439213,4.71802E-05,0.000486394
Boeing 767-400 ER,DJ26,17C,Departure,0.000439213,4.71802E-05,0.000486394
Boeing 767-400 ER,DJ27,17C,Departure,0.000439213,4.71802E-05,0.000486394
Boeing 767-400 ER,DJ98,17C,Departure,0.000328421,3.52789E-05,0.0003637
Boeing 767-400 ER,A5,17L,Approach,0.001921519,0.00034214,0.00226366
Boeing 767-400 ER,DJ24,17L,Departure,0.000730044,7.84211E-05,0.000808465
Boeing 767-400 ER,DJ18,17R,Departure,0.001177171,0.000126451,0.001303622
Boeing 767-400 ER,DJ21,17R,Departure,0.001177171,0.000126451,0.001303622
Boeing 767-400 ER,DJ23,17R,Departure,0.001177171,0.000126451,0.001303622
Boeing 767-400 ER,DJ25,17R,Departure,0.001177171,0.000126451,0.001303622
Boeing 767-400 ER,DJ28,17R,Departure,0.001177171,0.000126451,0.001303622
Boeing 767-400 ER,DJ14,18L,Departure,0.001105947,0.000118801,0.001224748
Boeing 767-400 ER,DJ17,18L,Departure,0.001105947,0.000118801,0.001224748
Boeing 767-400 ER,DJ20,18L,Departure,0.001105947,0.000118801,0.001224748
Boeing 767-400 ER,DJ30,18L,Departure,0.001105947,0.000118801,0.001224748
Boeing 767-400 ER,DJ31,18L,Departure,0.001105947,0.000118801,0.001224748
Boeing 767-400 ER,A7,18R,Approach,0.004375038,0.000779006,0.005154044
Boeing 767-400 ER,DJ16,18R,Departure,0.000338313,3.63415E-05,0.000374654
Boeing 767-400 ER,DJ19,18R,Departure,0.000338313,3.63415E-05,0.000374654
Boeing 767-400 ER,A4,31R,Approach,0.00069011,0.000122879,0.000812989
Boeing 767-400 ER,DJ12,31L,Departure,0.000245326,2.63529E-05,0.000271679
Boeing 767-400 ER,DJ13,31L,Departure,0.000245326,2.63529E-05,0.000271679
Boeing 767-400 ER,A2,35C,Approach,0.001543912,0.000274904,0.001818817
Boeing 767-400 ER,DJ1,35C,Departure,0.00021565,2.3165E-05,0.000238815
Boeing 767-400 ER,DJ4,35C,Departure,0.00021565,2.3165E-05,0.000238815
Boeing 767-400 ER,A3,35R,Approach,0.000742194,0.000132153,0.000874347
Boeing 767-400 ER,DJ2,35R,Departure,0.000249283,2.67779E-05,0.000276061
Boeing 767-400 ER,DJ3,35L,Departure,0.000617273,6.63073E-05,0.00068358
Boeing 767-400 ER,DJ5,35L,Departure,0.000617273,6.63073E-05,0.00068358
Boeing 767-400 ER,DJ7,35L,Departure,0.000617273,6.63073E-05,0.00068358
Boeing 767-400 ER,DJ10,36R,Departure,0.000536157,5.75938E-05,0.000593751
Boeing 767-400 ER,DJ6,36R,Departure,0.000536157,5.75938E-05,0.000593751
Boeing 767-400 ER,DJ8,36R,Departure,0.000536157,5.75938E-05,0.000593751
Boeing 767-400 ER,DJ11,36L,Departure,0.00012662,1.36015E-05,0.000140222
Boeing 767-400 ER,DJ9,36L,Departure,0.00012662,1.36015E-05,0.000140222
Boeing 777-200-ER,DJ29,13L,Departure,0.04495305,0.004828844,0.049781893
Boeing 777-200-ER,DP15,13L,Departure,0.15687697,0.016851679,0.173728648
Boeing 777-200-ER,A8,13R,Approach,1.472885756,0.227299177,1.700184933
Boeing 777-200-ER,A6,17C,Approach,2.922976852,0.451080628,3.374057481
Boeing 777-200-ER,DJ22,17C,Departure,0.203664838,0.021877618,0.225542456
Boeing 777-200-ER,DJ26,17C,Departure,0.203664838,0.021877618,0.225542456
Boeing 777-200-ER,DJ27,17C,Departure,0.203664838,0.021877618,0.225542456
Boeing 777-200-ER,DJ98,17C,Departure,0.152289924,0.01635894,0.168648863
Boeing 777-200-ER,A5,17L,Approach,0.905649397,0.139761934,1.045411331
Boeing 777-200-ER,DJ24,17L,Departure,0.338523987,0.036364149,0.374888136
Boeing 777-200-ER,DJ18,17R,Departure,0.545858461,0.058635959,0.60449442
Boeing 777-200-ER,DJ21,17R,Departure,0.545858461,0.058635959,0.60449442
Boeing 777-200-ER,DJ23,17R,Departure,0.545858461,0.058635959,0.60449442
Boeing 777-200-ER,DJ25,17R,Departure,0.545858461,0.058635959,0.60449442
Boeing 777-200-ER,DJ28,17R,Departure,0.545858461,0.058635959,0.60449442
Boeing 777-200-ER,DJ14,18L,Departure,0.512831731,0.055088237,0.567919968
Boeing 777-200-ER,DJ17,18L,Departure,0.512831731,0.055088237,0.567919968
Boeing 777-200-ER,DJ20,18L,Departure,0.512831731,0.055088237,0.567919968
Boeing 777-200-ER,DJ30,18L,Departure,0.512831731,0.055088237,0.567919968
Boeing 777-200-ER,DJ31,18L,Departure,0.512831731,0.055088237,0.567919968
Boeing 777-200-ER,A7,18R,Approach,2.062040059,0.318218847,2.380258906
Boeing 777-200-ER,DJ16,18R,Departure,0.15687697,0.016851679,0.173728648
Boeing 777-200-ER,DJ19,18R,Departure,0.15687697,0.016851679,0.173728648
Boeing 777-200-ER,A4,31R,Approach,0.325262271,0.050195235,0.375457506
Boeing 777-200-ER,DJ12,31L,Departure,0.113758738,0.012219931,0.125978669
Boeing 777-200-ER,DJ13,31L,Departure,0.113758738,0.012219931,0.125978669
Boeing 777-200-ER,A2,35C,Approach,0.727675701,0.112296617,0.839972318
Boeing 777-200-ER,DJ1,35C,Departure,0.0999976,0.010741713,0.110739314
Boeing 777-200-ER,DJ4,35C,Departure,0.0999976,0.010741713,0.110739314
Boeing 777-200-ER,A3,35R,Approach,0.349810367,0.053983554,0.403793922
Boeing 777-200-ER,DJ2,35R,Departure,0.115593557,0.012417027,0.128010583
Boeing 777-200-ER,DJ3,35L,Departure,0.286231664,0.030746923,0.316978587
Boeing 777-200-ER,DJ5,35L,Departure,0.286231664,0.030746923,0.316978587
Boeing 777-200-ER,DJ7,35L,Departure,0.286231664,0.030746923,0.316978587
Boeing 777-200-ER,DJ10,36R,Departure,0.248617887,0.026706462,0.275324349
Boeing 777-200-ER,DJ6,36R,Departure,0.248617887,0.026706462,0.275324349
Boeing 777-200-ER,DJ8,36R,Departure,0.248617887,0.026706462,0.275324349
Boeing 777-200-ER,DJ11,36L,Departure,0.058714187,0.006307061,0.065021249
Boeing 777-200-ER,DJ9,36L,Departure,0.058714187,0.006307061,0.065021249
Boeing 777-300,DJ29,13L,Departure,0.001781608,0.00019138,0.001972987
Boeing 777-300,DP15,13L,Departure,0.006217447,0.000667876,0.006885323
Boeing 777-300,A8,13R,Approach,0.185312067,0.105997537,0.291309604
Boeing 777-300,A6,17C,Approach,0.36775621,0.210354636,0.578110846
Boeing 777-300,DJ22,17C,Departure,0.008071773,0.000867068,0.00893884
Boeing 777-300,DJ26,17C,Departure,0.008071773,0.000867068,0.00893884
Boeing 777-300,DJ27,17C,Departure,0.008071773,0.000867068,0.00893884
Boeing 777-300,DJ98,17C,Departure,0.00603565,0.000648348,0.006683998
Boeing 777-300,A5,17L,Approach,0.11394486,0.065175867,0.179120727
Boeing 777-300,DJ24,17L,Departure,0.013416596,0.001441207,0.014857802
Boeing 777-300,DJ18,17R,Departure,0.021633806,0.002323897,0.023957703
Boeing 777-300,DJ21,17R,Departure,0.021633806,0.002323897,0.023957703
Boeing 777-300,DJ23,17R,Departure,0.021633806,0.002323897,0.023957703
Boeing 777-300,DJ25,17R,Departure,0.021633806,0.002323897,0.023957703
Boeing 777-300,DJ28,17R,Departure,0.021633806,0.002323897,0.023957703
Boeing 777-300,DJ14,18L,Departure,0.02032487,0.002183292,0.022508161
Boeing 777-300,DJ17,18L,Departure,0.02032487,0.002183292,0.022508161
Boeing 777-300,DJ20,18L,Departure,0.02032487,0.002183292,0.022508161
Boeing 777-300,DJ30,18L,Departure,0.02032487,0.002183292,0.022508161
Boeing 777-300,DJ31,18L,Departure,0.02032487,0.002183292,0.022508161
Boeing 777-300,A7,18R,Approach,0.259436894,0.148396552,0.407833446
Boeing 777-300,DJ16,18R,Departure,0.006217447,0.000667876,0.006885323
Boeing 777-300,DJ19,18R,Departure,0.006217447,0.000667876,0.006885323
Boeing 777-300,A4,31R,Approach,0.040923082,0.023407789,0.064330871
Boeing 777-300,DJ12,31L,Departure,0.004508558,0.000484308,0.004992866
Boeing 777-300,DJ13,31L,Departure,0.004508558,0.000484308,0.004992866
Boeing 777-300,A2,35C,Approach,0.091552986,0.052367831,0.143920816
Boeing 777-300,DJ1,35C,Departure,0.003963168,0.000425722,0.00438889
Boeing 777-300,DJ4,35C,Departure,0.003963168,0.000425722,0.00438889
Boeing 777-300,A3,35R,Approach,0.044011616,0.025174415,0.069186031
Boeing 777-300,DJ2,35R,Departure,0.004581277,0.000492119,0.005073396
Boeing 777-300,DJ3,35L,Departure,0.011344113,0.001218581,0.012562695
Boeing 777-300,DJ5,35L,Departure,0.011344113,0.001218581,0.012562695
Boeing 777-300,DJ7,35L,Departure,0.011344113,0.001218581,0.012562695
Boeing 777-300,DJ10,36R,Departure,0.00985338,0.001058447,0.010911828
Boeing 777-300,DJ6,36R,Departure,0.00985338,0.001058447,0.010911828
Boeing 777-300,DJ8,36R,Departure,0.00985338,0.001058447,0.010911828
Boeing 777-300,DJ11,36L,Departure,0.002326998,0.000249965,0.002576963
Boeing 777-300,DJ9,36L,Departure,0.002326998,0.000249965,0.002576963
Boeing 777-300 ER,DJ29,13L,Departure,0.015562093,0.001671676,0.017233768
Boeing 777-300 ER,DP15,13L,Departure,0.054308528,0.005833806,0.060142334
Boeing 777-300 ER,A8,13R,Approach,0.4829269,0.104211526,0.587138426
Boeing 777-300 ER,A6,17C,Approach,0.958379931,0.206810255,1.165190186
Boeing 777-300 ER,DJ22,17C,Departure,0.070505808,0.007573714,0.078079522
Boeing 777-300 ER,DJ26,17C,Departure,0.070505808,0.007573714,0.078079522
Boeing 777-300 ER,DJ27,17C,Departure,0.070505808,0.007573714,0.078079522
Boeing 777-300 ER,DJ98,17C,Departure,0.052720559,0.005663227,0.058383787
Boeing 777-300 ER,A5,17L,Approach,0.296942552,0.064077682,0.361020235
Boeing 777-300 ER,DJ24,17L,Departure,0.117192087,0.01258874,0.129780827
Boeing 777-300 ER,DJ18,17R,Departure,0.18896827,0.020298917,0.209267187
Boeing 777-300 ER,DJ21,17R,Departure,0.18896827,0.020298917,0.209267187
Boeing 777-300 ER,DJ23,17R,Departure,0.18896827,0.020298917,0.209267187
Boeing 777-300 ER,DJ25,17R,Departure,0.18896827,0.020298917,0.209267187
Boeing 777-300 ER,DJ28,17R,Departure,0.18896827,0.020298917,0.209267187
Boeing 777-300 ER,DJ14,18L,Departure,0.177534896,0.019070747,0.196605643
Boeing 777-300 ER,DJ17,18L,Departure,0.177534896,0.019070747,0.196605643
Boeing 777-300 ER,DJ20,18L,Departure,0.177534896,0.019070747,0.196605643
Boeing 777-300 ER,DJ30,18L,Departure,0.177534896,0.019070747,0.196605643
Boeing 777-300 ER,DJ31,18L,Departure,0.177534896,0.019070747,0.196605643
Boeing 777-300 ER,A7,18R,Approach,0.67609766,0.145896136,0.821993796
Boeing 777-300 ER,DJ16,18R,Departure,0.054308528,0.005833806,0.060142334
Boeing 777-300 ER,DJ19,18R,Departure,0.054308528,0.005833806,0.060142334
Boeing 777-300 ER,A4,31R,Approach,0.106646357,0.023013379,0.129659736
Boeing 777-300 ER,DJ12,31L,Departure,0.039381623,0.004230363,0.043611985
Boeing 777-300 ER,DJ13,31L,Departure,0.039381623,0.004230363,0.043611985
Boeing 777-300 ER,A2,35C,Approach,0.238588885,0.051485456,0.290074341
Boeing 777-300 ER,DJ1,35C,Departure,0.034617717,0.003718625,0.038336342
Boeing 777-300 ER,DJ4,35C,Departure,0.034617717,0.003718625,0.038336342
Boeing 777-300 ER,A3,35R,Approach,0.114695139,0.024750237,0.139445376
Boeing 777-300 ER,DJ2,35R,Departure,0.04001681,0.004298594,0.044315404
Boeing 777-300 ER,DJ3,35L,Departure,0.099089244,0.010644138,0.109733382
Boeing 777-300 ER,DJ5,35L,Departure,0.099089244,0.010644138,0.109733382
Boeing 777-300 ER,DJ7,35L,Departure,0.099089244,0.010644138,0.109733382
Boeing 777-300 ER,DJ10,36R,Departure,0.086067901,0.009245389,0.09531329
Boeing 777-300 ER,DJ6,36R,Departure,0.086067901,0.009245389,0.09531329
Boeing 777-300 ER,DJ8,36R,Departure,0.086067901,0.009245389,0.09531329
Boeing 777-300 ER,DJ11,36L,Departure,0.020325999,0.002183413,0.022509412
Boeing 777-300 ER,DJ9,36L,Departure,0.020325999,0.002183413,0.022509412
Bombardier CRJ-900,DJ29,13L,Departure,0.488097822,0.052431327,0.540529149
Bombardier CRJ-900,DP15,13L,Departure,1.703361786,0.182974633,1.886336418
Bombardier CRJ-900,A8,13R,Approach,15.72549477,2.960197847,18.68569262
Bombardier CRJ-900,A6,17C,Approach,31.18827823,5.870930715,37.05920894
Bombardier CRJ-900,DJ22,17C,Departure,2.191460596,0.235406066,2.426866663
Bombardier CRJ-900,DJ26,17C,Departure,2.191460596,0.235406066,2.426866663
Bombardier CRJ-900,DJ27,17C,Departure,2.191460596,0.235406066,2.426866663
Bombardier CRJ-900,DJ98,17C,Departure,1.6435952,0.176554523,1.820149723
Bombardier CRJ-900,A5,17L,Approach,9.772410717,1.84E+00,11.6120507
Bombardier CRJ-900,DJ24,17L,Departure,3.655754061,0.392700049,4.04845411
Bombardier CRJ-900,DP14,17L,Departure,0.039842742,0.004279896,0.044122638
Bombardier CRJ-900,DJ18,17R,Departure,5.897020063,0.633456197,6.530476261
Bombardier CRJ-900,DJ21,17R,Departure,5.897020063,6.33E-01,6.530476261
Bombardier CRJ-900,DJ23,17R,Departure,5.897020063,0.633456197,6.530476261
Bombardier CRJ-900,DJ25,17R,Departure,5.897020063,0.633456197,6.530476261
Bombardier CRJ-900,DJ28,17R,Departure,5.897020063,0.633456197,6.530476261
Bombardier CRJ-900,DJ14,18L,Departure,5.538417582,0.594935222,6.133352804
Bombardier CRJ-900,DJ17,18L,Departure,5.538417582,0.594935222,6.133352804
Bombardier CRJ-900,DJ20,18L,Departure,5.538417582,0.594935222,6.133352804
Bombardier CRJ-900,DJ30,18L,Departure,5.538417582,0.594935222,6.133352804
Bombardier CRJ-900,DJ31,18L,Departure,5.538417582,0.594935222,6.133352804
Bombardier CRJ-900,A7,18R,Approach,22.17396392,4.174165917,26.34812984
Bombardier CRJ-900,DJ16,18R,Departure,1.703361786,0.182974633,1.886336418
Bombardier CRJ-900,DJ19,18R,Departure,1.703361786,0.182974633,1.886336418
Bombardier CRJ-900,DP12,18R,Departure,0.079685484,0.008559792,0.088245275
Bombardier CRJ-900,A4,31R,Approach,3.482993301,0.655651673,4.138644975
Bombardier CRJ-900,DJ12,31L,Departure,1.215264953,0.130543411,1.345808365
Bombardier CRJ-900,DJ13,31L,Departure,1.215264953,0.130543411,1.345808365
Bombardier CRJ-900,A2,35C,Approach,7.773521202,1.463305458,9.23682666
Bombardier CRJ-900,DJ1,35C,Departure,1.085768624,0.116632953,1.202401577
Bombardier CRJ-900,DJ4,35C,Departure,1.085768624,1.17E-01,1.202401577
Bombardier CRJ-900,A3,35R,Approach,3.764480866,0.708651163,4.473132029
Bombardier CRJ-900,DJ2,35R,Departure,1.255108684,0.134823413,1.389932098
Bombardier CRJ-900,DP1,35R,Departure,0.039842742,0.004279896,0.044122638
Bombardier CRJ-900,DJ3,35L,Departure,3.10788817,3.34E-01,3.441736623
Bombardier CRJ-900,DJ5,35L,Departure,3.10788817,0.333848452,3.441736623
Bombardier CRJ-900,DJ7,35L,Departure,3.10788817,0.333848452,3.441736623
Bombardier CRJ-900,DJ10,36R,Departure,2.679558418,0.287837394,2.967395812
Bombardier CRJ-900,DJ6,36R,Departure,2.679558418,0.287837394,2.967395812
Bombardier CRJ-900,DJ8,36R,Departure,2.679558418,0.287837394,2.967395812
Bombardier CRJ-900,DJ11,36L,Departure,0.637515522,0.068481734,0.705997256
Bombardier CRJ-900,DJ9,36L,Departure,0.637515522,0.068481734,0.705997256
Bombardier CRJ-900,DP5,36L,Departure,0.039842742,0.004279896,0.044122638
Boeing DC-10-10,DJ29,13L,Departure,0.009392954,0.001008988,0.010401943
Boeing DC-10-10,DP15,13L,Departure,0.032779493,0.003521164,0.036300657
Boeing DC-10-10,A8,13R,Approach,0.252325513,0.114084183,0.366409697
Boeing DC-10-10,A6,17C,Approach,0.500745989,0.226402778,0.727148767
Boeing DC-10-10,DJ22,17C,Departure,0.042555833,0.004571335,0.047127169
Boeing DC-10-10,DJ26,17C,Departure,0.042555833,0.004571335,0.047127169
Boeing DC-10-10,DJ27,17C,Departure,0.042555833,0.004571335,0.047127169
Boeing DC-10-10,DJ98,17C,Departure,0.031821028,0.003418206,0.035239234
Boeing DC-10-10,A5,17L,Approach,0.155150152,0.070148191,0.225298343
Boeing DC-10-10,DJ24,17L,Departure,0.070734696,0.007598301,0.078332996
Boeing DC-10-10,DJ18,17R,Departure,0.114057301,0.012252002,0.126309303
Boeing DC-10-10,DJ21,17R,Departure,0.114057301,0.012252002,0.126309303
Boeing DC-10-10,DJ23,17R,Departure,0.114057301,0.012252002,0.126309303
Boeing DC-10-10,DJ25,17R,Departure,0.114057301,0.012252002,0.126309303
Boeing DC-10-10,DJ28,17R,Departure,0.114057301,0.012252002,0.126309303
Boeing DC-10-10,DJ14,18L,Departure,0.107156355,0.011510705,0.11866706
Boeing DC-10-10,DJ17,18L,Departure,0.107156355,0.011510705,0.11866706
Boeing DC-10-10,DJ20,18L,Departure,0.107156355,0.011510705,0.11866706
Boeing DC-10-10,DJ30,18L,Departure,0.107156355,0.011510705,0.11866706
Boeing DC-10-10,DJ31,18L,Departure,0.107156355,0.011510705,0.11866706
Boeing DC-10-10,A7,18R,Approach,0.353255719,0.159717857,0.512973575
Boeing DC-10-10,DJ16,18R,Departure,0.032779493,0.003521164,0.036300657
Boeing DC-10-10,DJ19,18R,Departure,0.032779493,0.003521164,0.036300657
Boeing DC-10-10,A4,31R,Approach,0.055721884,0.02519359,0.080915475
Boeing DC-10-10,DJ12,31L,Departure,0.023769925,0.002553358,0.026323283
Boeing DC-10-10,DJ13,31L,Departure,0.023769925,0.002553358,0.026323283
Boeing DC-10-10,A2,35C,Approach,0.124660819,0.056363019,0.181023838
Boeing DC-10-10,DJ1,35C,Departure,0.020894531,0.002244484,0.023139015
Boeing DC-10-10,DJ4,35C,Departure,0.020894531,0.002244484,0.023139015
Boeing DC-10-10,A3,35R,Approach,0.059927309,0.027094994,0.087022303
Boeing DC-10-10,DJ2,35R,Departure,0.024153311,0.002594542,0.026747852
Boeing DC-10-10,DJ3,35L,Departure,0.059808198,0.006424579,0.066232777
Boeing DC-10-10,DJ5,35L,Departure,0.059808198,0.006424579,0.066232777
Boeing DC-10-10,DJ7,35L,Departure,0.059808198,0.006424579,0.066232777
Boeing DC-10-10,DJ10,36R,Departure,0.051948787,0.005580324,0.057529111
Boeing DC-10-10,DJ6,36R,Departure,0.051948787,0.005580324,0.057529111
Boeing DC-10-10,DJ8,36R,Departure,0.051948787,0.005580324,0.057529111
Boeing DC-10-10,DJ11,36L,Departure,0.012268348,0.001317862,0.013586211
Boeing DC-10-10,DJ9,36L,Departure,0.012268348,0.001317862,0.013586211
Embraer EMB120 Brasilia,A8,13R,Approach,0.004398874,0.000858961,0.005257835
Embraer EMB120 Brasilia,A6,17C,Approach,0.004931473,0.000962961,0.005894433
Embraer EMB120 Brasilia,A5,17L,Approach,0.029874863,0.005833615,0.035708478
Embraer EMB120 Brasilia,DP14,17L,Departure,0.01138735,0.001223226,0.012610576
Embraer EMB120 Brasilia,A7,18R,Approach,0.047815562,0.009336865,0.057152427
Embraer EMB120 Brasilia,DP12,18R,Departure,0.018681073,0.002006715,0.020687788
Embraer EMB120 Brasilia,A4,31R,Approach,0.001518894,0.000296592,0.001815486
Embraer EMB120 Brasilia,A2,35C,Approach,0.001656975,0.000323555,0.00198053
Embraer EMB120 Brasilia,A3,35R,Approach,0.008432819,0.001646662,0.010079481
Embraer EMB120 Brasilia,DP1,35R,Departure,0.00758464,0.00081474,0.00839938
Embraer EMB120 Brasilia,DP5,36L,Departure,0.007782049,0.000835945,0.008617994
Embraer ERJ145-LR,DJ29,13L,Departure,0.778650685,0.083642432,0.862293117
Embraer ERJ145-LR,DP15,13L,Departure,2.717331982,0.291895019,3.009227001
Embraer ERJ145-LR,A8,13R,Approach,25.90977367,3.644089353,29.55386302
Embraer ERJ145-LR,A6,17C,Approach,51.38642873,7.227262586,58.61369132
Embraer ERJ145-LR,DJ22,17C,Departure,3.495982667,0.375537451,3.871520118
Embraer ERJ145-LR,DJ26,17C,Departure,3.495982667,0.375537451,3.871520118
Embraer ERJ145-LR,DJ27,17C,Departure,3.495982667,0.375537451,3.871520118
Embraer ERJ145-LR,DJ98,17C,Departure,2.621987,0.281653089,2.903640088
Embraer ERJ145-LR,A5,17L,Approach,16.10273098,2.264774338,18.36750532
Embraer ERJ145-LR,DJ24,17L,Departure,5.831934721,0.626464749,6.45839947
Embraer ERJ145-LR,DP14,17L,Departure,0.063563321,0.006827954,0.070391275
Embraer ERJ145-LR,DJ18,17R,Departure,9.407371539,1.010537142,10.41790868
Embraer ERJ145-LR,DJ21,17R,Departure,9.407371539,1.010537142,10.41790868
Embraer ERJ145-LR,DJ23,17R,Departure,9.407371539,1.010537142,10.41790868
Embraer ERJ145-LR,DJ25,17R,Departure,9.407371539,1.010537142,10.41790868
Embraer ERJ145-LR,DJ28,17R,Departure,9.407371539,1.010537142,10.41790868
Embraer ERJ145-LR,DJ14,18L,Departure,8.835301648,0.949085559,9.784387207
Embraer ERJ145-LR,DJ17,18L,Departure,8.835301648,0.949085559,9.784387207
Embraer ERJ145-LR,DJ20,18L,Departure,8.835301648,0.949085559,9.784387207
Embraer ERJ145-LR,DJ30,18L,Departure,8.835301648,0.949085559,9.784387207
Embraer ERJ145-LR,DJ31,18L,Departure,8.835301648,0.949085559,9.784387207
Embraer ERJ145-LR,A7,18R,Approach,36.536648,5.138709882,41.67535788
Embraer ERJ145-LR,DJ16,18R,Departure,2.717331982,0.291895019,3.009227001
Embraer ERJ145-LR,DJ19,18R,Departure,2.717331982,0.291895019,3.009227001
Embraer ERJ145-LR,DP12,18R,Departure,0.127126642,0.013655907,0.14078255
Embraer ERJ145-LR,A4,31R,Approach,5.738821511,0.807138597,6.545960108
Embraer ERJ145-LR,DJ12,31L,Departure,1.938681297,0.208252587,2.146933884
Embraer ERJ145-LR,DJ13,31L,Departure,1.938681297,0.208252587,2.146933884
Embraer ERJ145-LR,A2,35C,Approach,12.80793588,1.801376707,14.60931259
Embraer ERJ145-LR,DJ1,35C,Departure,1.732100503,0.186061737,1.91816224
Embraer ERJ145-LR,DJ4,35C,Departure,1.732100503,0.186061737,1.91816224
Embraer ERJ145-LR,A3,35R,Approach,6.202877159,0.872405869,7.075283028
Embraer ERJ145-LR,DJ2,35R,Departure,2.002244618,0.21508054,2.217325158
Embraer ERJ145-LR,DP1,35R,Departure,0.063563321,0.006827954,0.070391275
Embraer ERJ145-LR,DJ3,35L,Departure,4.957939054,0.532580386,5.49051944
Embraer ERJ145-LR,DJ5,35L,Departure,4.957939054,0.532580386,5.49051944
Embraer ERJ145-LR,DJ7,35L,Departure,4.957939054,0.532580386,5.49051944
Embraer ERJ145-LR,DJ10,36R,Departure,4.274633351,0.459179884,4.733813235
Embraer ERJ145-LR,DJ6,36R,Departure,4.274633351,0.459179884,4.733813235
Embraer ERJ145-LR,DJ8,36R,Departure,4.274633351,0.459179884,4.733813235
Embraer ERJ145-LR,DJ11,36L,Departure,1.017013139,0.109247259,1.126260398
Embraer ERJ145-LR,DJ9,36L,Departure,1.017013139,0.109247259,1.126260398
Embraer ERJ145-LR,DP5,36L,Departure,0.063563321,0.006827954,0.070391275
Embraer ERJ170-LR,DJ29,13L,Departure,0.140351586,0.015076527,0.155428113
Embraer ERJ170-LR,DP15,13L,Departure,0.489798391,0.052614002,0.542412393
Embraer ERJ170-LR,A8,13R,Approach,4.690550085,0.643335532,5.333885617
Embraer ERJ170-LR,A6,17C,Approach,9.302690975,1.275916798,10.57860777
Embraer ERJ170-LR,DJ22,17C,Departure,0.630149977,0.067690529,0.697840506
Embraer ERJ170-LR,DJ26,17C,Departure,0.630149977,0.067690529,0.697840506
Embraer ERJ170-LR,DJ27,17C,Departure,0.630149977,0.067690529,0.697840506
Embraer ERJ170-LR,DJ98,17C,Departure,0.472612483,0.050767897,0.523380379
Embraer ERJ170-LR,A5,17L,Approach,2.915141874,0.399828232,3.314970106
Embraer ERJ170-LR,DJ24,17L,Departure,1.051204734,0.11292011,1.164124844
Embraer ERJ170-LR,DP14,17L,Departure,0.011457272,0.001230737,0.012688009
Embraer ERJ170-LR,DJ18,17R,Departure,1.695676301,0.18214906,1.877825361
Embraer ERJ170-LR,DJ21,17R,Departure,1.695676301,0.18214906,1.877825361
Embraer ERJ170-LR,DJ23,17R,Departure,1.695676301,0.18214906,1.877825361
Embraer ERJ170-LR,DJ25,17R,Departure,1.695676301,0.18214906,1.877825361
Embraer ERJ170-LR,DJ28,17R,Departure,1.695676301,0.18214906,1.877825361
Embraer ERJ170-LR,DJ14,18L,Departure,1.592560851,0.171072428,1.763633279
Embraer ERJ170-LR,DJ17,18L,Departure,1.592560851,0.171072428,1.763633279
Embraer ERJ170-LR,DJ20,18L,Departure,1.592560851,0.171072428,1.763633279
Embraer ERJ170-LR,DJ30,18L,Departure,1.592560851,0.171072428,1.763633279
Embraer ERJ170-LR,DJ31,18L,Departure,1.592560851,0.171072428,1.763633279
Embraer ERJ170-LR,A7,18R,Approach,6.614375702,0.90719912,7.521574822
Embraer ERJ170-LR,DJ16,18R,Departure,0.489798391,0.052614002,0.542412393
Embraer ERJ170-LR,DJ19,18R,Departure,0.489798391,0.052614002,0.542412393
Embraer ERJ170-LR,DP12,18R,Departure,0.022914545,0.002461474,0.025376018
Embraer ERJ170-LR,A4,31R,Approach,1.03892184,0.142494019,1.181415859
Embraer ERJ170-LR,DJ12,31L,Departure,0.349446805,0.037537475,0.386984281
Embraer ERJ170-LR,DJ13,31L,Departure,0.349446805,0.037537475,0.386984281
Embraer ERJ170-LR,A2,35C,Approach,2.318671923,0.318018997,2.63669092
Embraer ERJ170-LR,DJ1,35C,Departure,0.31221067,0.03353758,0.345748251
Embraer ERJ170-LR,DJ4,35C,Departure,0.31221067,0.03353758,0.345748251
Embraer ERJ170-LR,A3,35R,Approach,1.122931692,0.154016447,1.276948139
Embraer ERJ170-LR,DJ2,35R,Departure,0.360904078,0.038768212,0.39967229
Embraer ERJ170-LR,DP1,35R,Departure,0.011457272,0.001230737,0.012688009
Embraer ERJ170-LR,DJ3,35L,Departure,0.89366724,0.095997478,0.989664718
Embraer ERJ170-LR,DJ5,35L,Departure,0.89366724,0.095997478,0.989664718
Embraer ERJ170-LR,DJ7,35L,Departure,0.89366724,0.095997478,0.989664718
Embraer ERJ170-LR,DJ10,36R,Departure,0.770501563,0.082767056,0.853268619
Embraer ERJ170-LR,DJ6,36R,Departure,0.770501563,0.082767056,0.853268619
Embraer ERJ170-LR,DJ8,36R,Departure,0.770501563,0.082767056,0.853268619
Embraer ERJ170-LR,DJ11,36L,Departure,0.183316357,0.01969179,0.203008147
Embraer ERJ170-LR,DJ9,36L,Departure,0.183316357,0.01969179,0.203008147
Embraer ERJ170-LR,DP5,36L,Departure,0.011457272,0.001230737,0.012688009
Embraer ERJ190,DJ29,13L,Departure,0.018739328,0.002012973,0.020752301
Embraer ERJ190,DP15,13L,Departure,0.06539643,0.007024866,0.072421296
Embraer ERJ190,A8,13R,Approach,0.607818339,0.103021256,0.710839595
Embraer ERJ190,A6,17C,Approach,1.205476132,0.204320366,1.409796498
Embraer ERJ190,DJ22,17C,Departure,0.084135758,0.009037839,0.093173597
Embraer ERJ190,DJ26,17C,Departure,0.084135758,0.009037839,0.093173597
Embraer ERJ190,DJ27,17C,Departure,0.084135758,0.009037839,0.093173597
Embraer ERJ190,DJ98,17C,Departure,0.063101818,0.006778379,0.069880197
Embraer ERJ190,A5,17L,Approach,0.377754562,0.064026942,0.441781504
Embraer ERJ190,DJ24,17L,Departure,0.140353741,0.015076758,0.1554305
Embraer ERJ190,DP14,17L,Departure,0.001529741,0.000164324,0.001694065
Embraer ERJ190,DJ18,17R,Departure,0.226401675,0.024320003,0.250721678
Embraer ERJ190,DJ21,17R,Departure,0.226401675,0.024320003,0.250721678
Embraer ERJ190,DJ23,17R,Departure,0.226401675,0.024320003,0.250721678
Embraer ERJ190,DJ25,17R,Departure,0.226401675,0.024320003,0.250721678
Embraer ERJ190,DJ28,17R,Departure,0.226401675,0.024320003,0.250721678
Embraer ERJ190,DJ14,18L,Departure,0.212634006,0.022841084,0.23547509
Embraer ERJ190,DJ17,18L,Departure,0.212634006,0.022841084,0.23547509
Embraer ERJ190,DJ20,18L,Departure,0.212634006,0.022841084,0.23547509
Embraer ERJ190,DJ30,18L,Departure,0.212634006,0.022841084,0.23547509
Embraer ERJ190,DJ31,18L,Departure,0.212634006,0.022841084,0.23547509
Embraer ERJ190,A7,18R,Approach,0.857114577,0.145275348,1.002389925
Embraer ERJ190,DJ16,18R,Departure,0.06539643,0.007024866,0.072421296
Embraer ERJ190,DJ19,18R,Departure,0.06539643,0.007024866,0.072421296
Embraer ERJ190,DP12,18R,Departure,0.003059482,0.000328649,0.003388131
Embraer ERJ190,A4,31R,Approach,0.134627226,0.022818439,0.157445666
Embraer ERJ190,DJ12,31L,Departure,0.046657102,0.005011892,0.051668995
Embraer ERJ190,DJ13,31L,Departure,0.046657102,0.005011892,0.051668995
Embraer ERJ190,A2,35C,Approach,0.300461841,0.050926329,0.35138817
Embraer ERJ190,DJ1,35C,Departure,0.041685444,0.004477838,0.046163282
Embraer ERJ190,DJ4,35C,Departure,0.041685444,0.004477838,0.046163282
Embraer ERJ190,A3,35R,Approach,0.145513525,0.024663596,0.170177121
Embraer ERJ190,DJ2,35R,Departure,0.048186843,0.005176217,0.05336306
Embraer ERJ190,DP1,35R,Departure,0.001529741,0.000164324,0.001694065
Embraer ERJ190,DJ3,35L,Departure,0.119319802,0.012817299,0.132137101
Embraer ERJ190,DJ5,35L,Departure,0.119319802,0.012817299,0.132137101
Embraer ERJ190,DJ7,35L,Departure,0.119319802,0.012817299,0.132137101
Embraer ERJ190,DJ10,36R,Departure,0.102875086,0.011050812,0.113925898
Embraer ERJ190,DJ6,36R,Departure,0.102875086,0.011050812,0.113925898
Embraer ERJ190,DJ8,36R,Departure,0.102875086,0.011050812,0.113925898
Embraer ERJ190,DJ11,36L,Departure,0.024475857,0.002629189,0.027105046
Embraer ERJ190,DJ9,36L,Departure,0.024475857,0.002629189,0.027105046
Embraer ERJ190,DP5,36L,Departure,0.001529741,0.000164324,0.001694065
Boeing MD-11,DJ29,13L,Departure,0.014955955,0.001606564,0.016562519
Boeing MD-11,DP15,13L,Departure,0.05219323,0.005606582,0.057799812
Boeing MD-11,A8,13R,Approach,0.344011039,0.209749058,0.553760097
Boeing MD-11,A6,17C,Approach,0.682698097,0.416252,1.098950097
Boeing MD-11,DJ22,17C,Departure,0.067759633,0.00727872,0.075038353
Boeing MD-11,DJ26,17C,Departure,0.067759633,0.00727872,0.075038353
Boeing MD-11,DJ27,17C,Departure,0.067759633,0.00727872,0.075038353
Boeing MD-11,DJ98,17C,Departure,0.050667113,0.005442647,0.056109759
Boeing MD-11,A5,17L,Approach,0.211525835,0.128970701,0.340496536
Boeing MD-11,DJ24,17L,Departure,0.112627497,0.012098413,0.124725911
Boeing MD-11,DJ18,17R,Departure,0.181608024,0.019508282,0.201116306
Boeing MD-11,DJ21,17R,Departure,0.181608024,0.019508282,0.201116306
Boeing MD-11,DJ23,17R,Departure,0.181608024,0.019508282,0.201116306
Boeing MD-11,DJ25,17R,Departure,0.181608024,0.019508282,0.201116306
Boeing MD-11,DJ28,17R,Departure,0.181608024,0.019508282,0.201116306
Boeing MD-11,DJ14,18L,Departure,0.170619976,0.018327949,0.188947924
Boeing MD-11,DJ17,18L,Departure,0.170619976,0.018327949,0.188947924
Boeing MD-11,DJ20,18L,Departure,0.170619976,0.018327949,0.188947924
Boeing MD-11,DJ30,18L,Departure,0.170619976,0.018327949,0.188947924
Boeing MD-11,DJ31,18L,Departure,0.170619976,0.018327949,0.188947924
Boeing MD-11,A7,18R,Approach,0.481615454,0.293648681,0.775264136
Boeing MD-11,DJ16,18R,Departure,0.05219323,0.005606582,0.057799812
Boeing MD-11,DJ19,18R,Departure,0.05219323,0.005606582,0.057799812
Boeing MD-11,A4,31R,Approach,0.075969104,0.046319584,0.122288688
Boeing MD-11,DJ12,31L,Departure,0.037847723,0.004065591,0.041913314
Boeing MD-11,DJ13,31L,Departure,0.037847723,0.004065591,0.041913314
Boeing MD-11,A2,35C,Approach,0.169957835,0.103626023,0.273583857
Boeing MD-11,DJ1,35C,Departure,0.033269369,0.003573786,0.036843155
Boeing MD-11,DJ4,35C,Departure,0.033269369,0.003573786,0.036843155
Boeing MD-11,A3,35R,Approach,0.081702622,0.049815401,0.131518023
Boeing MD-11,DJ2,35R,Departure,0.03845817,0.004131166,0.042589335
Boeing MD-11,DJ3,35L,Departure,0.095229754,0.010229553,0.105459307
Boeing MD-11,DJ5,35L,Departure,0.095229754,0.010229553,0.105459307
Boeing MD-11,DJ7,35L,Departure,0.095229754,0.010229553,0.105459307
Boeing MD-11,DJ10,36R,Departure,0.082715587,0.008885285,0.091600872
Boeing MD-11,DJ6,36R,Departure,0.082715587,0.008885285,0.091600872
Boeing MD-11,DJ8,36R,Departure,0.082715587,0.008885285,0.091600872
Boeing MD-11,DJ11,36L,Departure,0.019534308,0.00209837,0.021632678
Boeing MD-11,DJ9,36L,Departure,0.019534308,0.00209837,0.021632678
Boeing MD-83,DJ29,13L,Departure,0.919347659,0.098756061,1.01810372
Boeing MD-83,DP15,13L,Departure,3.208335708,0.344638498,3.552974206
Boeing MD-83,A8,13R,Approach,30.10659697,4.800236546,34.90683352
Boeing MD-83,A6,17C,Approach,59.70991949,9.520230332,69.23014982
Boeing MD-83,DJ22,17C,Departure,4.127683367,0.443394559,4.571077926
Boeing MD-83,DJ26,17C,Departure,4.127683367,0.443394559,4.571077926
Boeing MD-83,DJ27,17C,Departure,4.127683367,0.443394559,4.571077926
Boeing MD-83,DJ98,17C,Departure,3.095762526,0.332545919,3.428308445
Boeing MD-83,A5,17L,Approach,18.71102534,2.983311191,21.69433653
Boeing MD-83,DJ24,17L,Departure,6.885726345,0.739662741,7.625389086
Boeing MD-83,DP14,17L,Departure,0.075048788,0.008061719,0.083110508
Boeing MD-83,DJ18,17R,Departure,11.1072207,1.193134449,12.30035515
Boeing MD-83,DJ21,17R,Departure,11.1072207,1.193134449,12.30035515
Boeing MD-83,DJ23,17R,Departure,11.1072207,1.193134449,12.30035515
Boeing MD-83,DJ25,17R,Departure,11.1072207,1.193134449,12.30035515
Boeing MD-83,DJ28,17R,Departure,11.1072207,1.193134449,12.30035515
Boeing MD-83,DJ14,18L,Departure,10.4317816,1.120578976,11.55236058
Boeing MD-83,DJ17,18L,Departure,10.4317816,1.120578976,11.55236058
Boeing MD-83,DJ20,18L,Departure,10.4317816,1.120578976,11.55236058
Boeing MD-83,DJ30,18L,Departure,10.4317816,1.120578976,11.55236058
Boeing MD-83,DJ31,18L,Departure,10.4317816,1.120578976,11.55236058
Boeing MD-83,A7,18R,Approach,42.45479525,6.769049983,49.22384523
Boeing MD-83,DJ16,18R,Departure,3.208335708,0.344638498,3.552974206
Boeing MD-83,DJ19,18R,Departure,3.208335708,0.344638498,3.552974206
Boeing MD-83,DP12,18R,Departure,0.150097577,0.016123439,0.166221015
Boeing MD-83,A4,31R,Approach,6.668386553,1.063216572,7.731603125
Boeing MD-83,DJ12,31L,Departure,2.288988049,0.245882437,2.534870486
Boeing MD-83,DJ13,31L,Departure,2.288988049,0.245882437,2.534870486
Boeing MD-83,A2,35C,Approach,14.88254465,2.372893051,17.2554377
Boeing MD-83,DJ1,35C,Departure,2.045079487,0.21968185,2.264761336
Boeing MD-83,DJ4,35C,Departure,2.045079487,0.21968185,2.264761336
Boeing MD-83,A3,35R,Approach,7.207609185,1.149190958,8.356800143
Boeing MD-83,DJ2,35R,Departure,2.364036838,0.253944156,2.617980994
Boeing MD-83,DP1,35R,Departure,0.075048788,0.008061719,0.083110508
Boeing MD-83,DJ3,35L,Departure,5.853805503,0.628814102,6.482619604
Boeing MD-83,DJ5,35L,Departure,5.853805503,0.628814102,6.482619604
Boeing MD-83,DJ7,35L,Departure,5.853805503,0.628814102,6.482619604
Boeing MD-83,DJ10,36R,Departure,5.047031026,0.54215062,5.589181646
Boeing MD-83,DJ6,36R,Departure,5.047031026,0.54215062,5.589181646
Boeing MD-83,DJ8,36R,Departure,5.047031026,0.54215062,5.589181646
Boeing MD-83,DJ11,36L,Departure,1.200780616,0.128987508,1.329768124
Boeing MD-83,DJ9,36L,Departure,1.200780616,0.128987508,1.329768124
Boeing MD-83,DP5,36L,Departure,0.075048788,0.008061719,0.083110508
Boeing MD-90,DJ29,13L,Departure,0.00014543,1.5622E-05,0.000161052
Boeing MD-90,DP15,13L,Departure,0.00050752,5.45177E-05,0.000562038
Boeing MD-90,A8,13R,Approach,0.004962643,0.0005488,0.005511443
Boeing MD-90,A6,17C,Approach,0.009842329,0.001088425,0.010930754
Boeing MD-90,DJ22,17C,Departure,0.00065295,7.01397E-05,0.00072309
Boeing MD-90,DJ26,17C,Departure,0.00065295,7.01397E-05,0.00072309
Boeing MD-90,DJ27,17C,Departure,0.00065295,7.01397E-05,0.00072309
Boeing MD-90,DJ98,17C,Departure,0.000489712,5.26048E-05,0.000542317
Boeing MD-90,A5,17L,Approach,0.003084246,0.000341075,0.00342532
Boeing MD-90,DJ24,17L,Departure,0.001089239,0.000117006,0.001206245
Boeing MD-90,DP14,17L,Departure,1.18718E-05,1.27527E-06,1.31471E-05
Boeing MD-90,DJ18,17R,Departure,0.001757029,0.00018874,0.001945769
Boeing MD-90,DJ21,17R,Departure,0.001757029,0.00018874,0.001945769
Boeing MD-90,DJ23,17R,Departure,0.001757029,0.00018874,0.001945769
Boeing MD-90,DJ25,17R,Departure,0.001757029,0.00018874,0.001945769
Boeing MD-90,DJ28,17R,Departure,0.001757029,0.00018874,0.001945769
Boeing MD-90,DJ14,18L,Departure,0.001650183,0.000177262,0.001827445
Boeing MD-90,DJ17,18L,Departure,0.001650183,0.000177262,0.001827445
Boeing MD-90,DJ20,18L,Departure,0.001650183,0.000177262,0.001827445
Boeing MD-90,DJ30,18L,Departure,0.001650183,0.000177262,0.001827445
Boeing MD-90,DJ31,18L,Departure,0.001650183,0.000177262,0.001827445
Boeing MD-90,A7,18R,Approach,0.006998067,0.000773889,0.007771957
Boeing MD-90,DJ16,18R,Departure,0.00050752,5.45177E-05,0.000562038
Boeing MD-90,DJ19,18R,Departure,0.00050752,5.45177E-05,0.000562038
Boeing MD-90,DP12,18R,Departure,2.37436E-05,2.55053E-06,2.62942E-05
Boeing MD-90,A4,31R,Approach,0.001099188,0.000121555,0.001220743
Boeing MD-90,DJ12,31L,Departure,0.00036209,3.88957E-05,0.000400986
Boeing MD-90,DJ13,31L,Departure,0.00036209,3.88957E-05,0.000400986
Boeing MD-90,A2,35C,Approach,0.002453175,0.000271287,0.002724462
Boeing MD-90,DJ1,35C,Departure,0.000323507,3.4751E-05,0.000358258
Boeing MD-90,DJ4,35C,Departure,0.000323507,3.4751E-05,0.000358258
Boeing MD-90,A3,35R,Approach,0.001188072,0.000131384,0.001319456
Boeing MD-90,DJ2,35R,Departure,0.000373962,4.01709E-05,0.000414133
Boeing MD-90,DP1,35R,Departure,1.18718E-05,1.27527E-06,1.31471E-05
Boeing MD-90,DJ3,35L,Departure,0.000926002,9.94708E-05,0.001025473
Boeing MD-90,DJ5,35L,Departure,0.000926002,9.94708E-05,0.001025473
Boeing MD-90,DJ7,35L,Departure,0.000926002,9.94708E-05,0.001025473
Boeing MD-90,DJ10,36R,Departure,0.00079838,8.57617E-05,0.000884141
Boeing MD-90,DJ6,36R,Departure,0.00079838,8.57617E-05,0.000884141
Boeing MD-90,DJ8,36R,Departure,0.00079838,8.57617E-05,0.000884141
Boeing MD-90,DJ11,36L,Departure,0.000189949,2.04043E-05,0.000210353
Boeing MD-90,DJ9,36L,Departure,0.000189949,2.04043E-05,0.000210353
Boeing MD-90,DP5,36L,Departure,1.18718E-05,1.27527E-06,1.31471E-05
